Date,BOGMBASE,Money Base Change,DPRIME,GDP,SPIndex,Oil,CPI.U,GoldChange,
1960-01-01,50700,1.807228916,5,0.87812836,-0.0361,0,-1.193421951,,
1960-02-01,49600,-2.169625247,5,-0.09641073,-0.0108,0,1.20662205,,
1960-03-01,49500,-0.201612903,5,-0.09641073,0.0158,0,0,,
1960-04-01,49700,0.404040404,5,-0.09641073,-0.0062,0,4.907020753,,
1960-05-01,49700,0,5,0.277928696,0.0399,0,1.20662205,,
1960-06-01,50000,0.60362173,5,0.277928696,-0.022,0,1.20662205,,
1960-07-01,50500,1,5,0.277928696,0.0149,0,-2.373775211,,
1960-08-01,50300,-0.396039604,5,-0.33143454,-0.0272,0,2.426576795,,
1960-09-01,49900,-0.795228628,4.5,-0.33143454,-0.0167,0,0,,
1960-10-01,50100,0.400801603,4.5,-0.33143454,0.0354,0,6.167781186,,
1960-11-01,50300,0.399201597,4.5,0.29660346,0.0269,0,1.20662205,,
1960-12-01,49800,-0.994035785,4.5,0.29660346,0.0543,0,1.20662205,,
1961-01-01,49100,-1.40562249,4.5,0.29660346,0.0437,0,1.20662205,,
1961-02-01,48400,-1.425661914,4.5,0.639730666,0.034,0,0,,
1961-03-01,48400,0,4.5,0.639730666,0.0292,0,0,,
1961-04-01,48500,0.20661157,4.5,0.639730666,0.0126,0,-1.193421951,,
1961-05-01,48500,0,4.5,0.721929453,-0.0108,0,1.20662205,,
1961-06-01,48900,0.824742268,4.5,0.721929453,-0.0003,0,0,,
1961-07-01,49200,0.613496933,4.5,0.721929453,0.0384,0,3.659998029,,
1961-08-01,49300,0.203252033,4.5,0.754600375,-0.0054,0,1.20662205,,
1961-09-01,49600,0.60851927,4.5,0.754600375,0.0134,0,1.20662205,,
1961-10-01,50000,0.806451613,4.5,0.754600375,0.0477,0,0,,
1961-11-01,50500,1,4.5,0.763516199,0.0116,0,0,,
1961-12-01,51300,1.584158416,4.5,0.763516199,-0.0349,0,1.20662205,,
1962-01-01,50600,-1.364522417,4.5,0.763516199,0.0191,0,1.20662205,,
1962-02-01,49800,-1.581027668,4.5,0.355238301,0.0034,0,2.426576795,,
1962-03-01,50000,0.401606426,4.5,0.355238301,-0.0294,0,2.426576795,,
1962-04-01,50400,0.8,4.5,0.355238301,-0.0719,0,1.20662205,,
1962-05-01,50500,0.198412698,4.5,0.478579299,-0.1141,0,1.20662205,,
1962-06-01,50900,0.792079208,4.5,0.478579299,0.0272,0,-1.193421951,,
1962-07-01,51300,0.785854617,4.5,0.478579299,0.0302,0,0,,
1962-08-01,51200,-0.194931774,4.5,0.177727499,-0.0059,0,2.426576795,,
1962-09-01,51300,0.1953125,4.5,0.177727499,-0.0286,0,6.167781186,,
1962-10-01,51600,0.584795322,4.5,0.177727499,0.072,0,-1.193421951,,
1962-11-01,51300,-0.581395349,4.5,0.508720552,0.0462,0,0,,
1962-12-01,52300,1.949317739,4.5,0.508720552,0.0415,0,0,,
1963-01-01,51600,-1.338432122,4.5,0.508720552,0.016,0,2.426576795,,
1963-02-01,51000,-1.162790698,4.5,0.431376717,-0.0011,0,1.20662205,,
1963-03-01,51200,0.392156863,4.5,0.431376717,0.0498,0,1.20662205,,
1963-04-01,51500,0.5859375,4.5,0.431376717,0.0227,0,-1.193421951,,
1963-05-01,51700,0.388349515,4.5,0.771690247,0.0022,0,1.20662205,,
1963-06-01,52200,0.967117988,4.5,0.771690247,-0.0122,0,3.659998029,,
1963-07-01,52800,1.149425287,4.5,0.771690247,0.0303,0,3.659998029,,
1963-08-01,52600,-0.378787879,4.5,0.488677359,0.0289,0,2.426576795,,
1963-09-01,52900,0.570342205,4.5,0.488677359,0.005,0,-1.193421951,,
1963-10-01,53100,0.378071834,4.5,0.488677359,-0.0031,0,1.20662205,,
1963-11-01,53800,1.31826742,4.5,0.803190396,0.0239,0,1.20662205,,
1963-12-01,54900,2.044609665,4.5,0.803190396,0.0333,0,3.659998029,,
1964-01-01,54200,-1.275045537,4.5,0.803190396,0.0148,0,2.426576795,,
1964-02-01,53500,-1.291512915,4.5,0.43858863,0.0207,0,-1.193421951,,
1964-03-01,53800,0.560747664,4.5,0.43858863,0.0169,0,1.20662205,,
1964-04-01,54100,0.557620818,4.5,0.43858863,0.0122,0,0,,
1964-05-01,54300,0.369685767,4.5,0.651776809,-0.0035,0,1.20662205,,
1964-06-01,54900,1.104972376,4.5,0.651776809,0.0396,0,1.20662205,,
1964-07-01,55400,0.910746812,4.5,0.651776809,-0.0123,-1.683501684,0,,
1964-08-01,55400,0,4.5,0.254063179,0.0197,0,1.20662205,,
1964-09-01,55900,0.902527076,4.5,0.254063179,0.0197,0,1.20662205,,
1964-10-01,56200,0.53667263,4.5,0.254063179,0.0094,0,1.20662205,,
1964-11-01,56800,1.067615658,4.5,0.969134834,-0.0149,0,3.659998029,,
1964-12-01,57700,1.584507042,4.5,0.969134834,0.0282,0,1.20662205,,
1965-01-01,57100,-1.039861352,4.5,0.969134834,0.0098,0,1.20662205,,
1965-02-01,56500,-1.050788091,4.5,0.572603026,0.0034,0,0,,
1965-03-01,56700,0.353982301,4.5,0.572603026,0.0156,0,1.20662205,,
1965-04-01,57100,0.705467372,4.5,0.572603026,0.0173,0,2.426576795,,
1965-05-01,57200,0.175131349,4.5,0.865860018,-0.0451,0,3.659998029,,
1965-06-01,57800,1.048951049,4.5,0.865860018,0.001,0,4.907020753,,
1965-07-01,58400,1.038062284,4.5,0.865860018,0.0212,0,-1.193421951,,
1965-08-01,58200,-0.342465753,4.5,0.992532165,0.036,0,-1.193421951,,
1965-09-01,58600,0.687285223,4.5,0.992532165,0.025,0,2.426576795,,
1965-10-01,59100,0.853242321,4.5,0.992532165,0.0108,0,1.20662205,,
1965-11-01,59600,0.846023689,4.5,1.020695905,-0.0021,0,3.659998029,,
1965-12-01,61000,2.348993289,4.5,1.020695905,0.0198,0,3.659998029,,
1966-01-01,60500,-0.819672131,5,1.020695905,-0.0043,0,1.20662205,,
1966-02-01,59800,-1.157024793,5,0.385866405,-0.0386,0,7.442416772,,
1966-03-01,59900,0.16722408,5,0.385866405,0.0332,0,3.659998029,,
1966-04-01,60500,1.001669449,5.5,0.385866405,-0.0501,0,3.659998029,,
1966-05-01,60600,0.165289256,5.5,0.603282621,-0.0056,0,2.426576795,,
1966-06-01,61100,0.825082508,5.5,0.603282621,0.0002,0,1.20662205,,
1966-07-01,62100,1.636661211,5.75,0.603282621,-0.0577,0,2.426576795,,
1966-08-01,61700,-0.644122383,5.75,0.552632816,-0.0322,0,7.442416772,,
1966-09-01,62400,1.13452188,6,0.552632816,-0.0056,1.712328767,3.659998029,,
1966-10-01,62600,0.320512821,6,0.552632816,0.0532,0,3.659998029,,
1966-11-01,63000,0.638977636,6,0.432859965,0.0072,0,1.20662205,,
1966-12-01,64200,1.904761905,6,0.432859965,0.0413,0,1.20662205,,
1967-01-01,63800,-0.62305296,6,0.432859965,0.0373,0,-1.193421951,,
1967-02-01,63300,-0.78369906,5.75,0.189688563,0.0263,1.01010101,3.659998029,,
1967-03-01,63200,-0.157977883,5.75,0.189688563,0.0199,0,0,,
1967-04-01,63300,0.158227848,5.5,0.189688563,0.0206,0,3.659998029,,
1967-05-01,63400,0.157977883,5.5,0.63399034,-0.0099,0,0,,
1967-06-01,64000,0.94637224,5.5,0.63399034,0.0199,0,7.442416772,,
1967-07-01,64800,1.25,5.5,0.63399034,0.0185,0,3.659998029,,
1967-08-01,64700,-0.154320988,5.5,0.620482547,0.0165,2.333333333,3.659998029,,
1967-09-01,65200,0.772797527,5.5,0.620482547,0.001,0,3.659998029,,
1967-10-01,65900,1.073619632,5.5,0.620482547,-0.0288,0,3.659998029,,
1967-11-01,66500,0.91047041,5.5,1.045930238,0.0311,0,7.442416772,,
1967-12-01,67800,1.954887218,6,1.045930238,-0.0002,0,3.659998029,,
1968-01-01,67700,-0.147492625,6,1.045930238,-0.0426,0,3.659998029,,
1968-02-01,67200,-0.738552437,6,0.906548909,-0.0156,0,3.659998029,,
1968-03-01,67500,0.446428571,6,0.906548909,0.0766,0,3.659998029,,
1968-04-01,68000,0.740740741,6,0.906548909,0.0256,0,3.659998029,,
1968-05-01,68100,0.147058824,6.5,0.584546847,0.0294,0,3.659998029,,
1968-06-01,68900,1.174743025,6.5,0.584546847,0.0005,0,7.442416772,,
1968-07-01,69700,1.161103048,6.5,0.584546847,-0.0193,0,7.442416772,,
1968-08-01,69900,0.286944046,6.5,0.599558525,0.0351,0,3.659998029,,
1968-09-01,70000,0.143061516,6.5,0.599558525,0.0272,0,3.659998029,,
1968-10-01,70800,1.142857143,6.25,0.599558525,0.0179,0,7.442416772,,
1968-11-01,71700,1.271186441,6.25,0.863940731,0.0129,0,3.659998029,,
1968-12-01,73100,1.952580195,6.5,0.863940731,-0.0399,0,7.442416772,,
1969-01-01,72900,-0.273597811,6.75,0.863940731,-0.0024,0,3.659998029,,
1969-02-01,72000,-1.234567901,7,0.52352763,-0.0191,0,3.659998029,,
1969-03-01,71800,-0.277777778,7,0.52352763,0.0227,5.863192182,10.03386937,,
1969-04-01,72400,0.835654596,7.5,0.52352763,0.0351,3.076923077,7.442416772,,
1969-05-01,73400,1.38121547,7.5,0.686899074,-0.0497,0,3.659998029,,
1969-06-01,73500,0.136239782,7.5,0.686899074,-0.0421,0,6.167781186,,
1969-07-01,73700,0.272108844,8.5,0.686899074,-0.0028,0,6.167781186,,
1969-08-01,73800,0.13568521,8.5,0.26439258,0.0063,0,3.659998029,,
1969-09-01,73800,0,8.5,0.26439258,0.0135,0,6.167781186,,
1969-10-01,74400,0.81300813,8.5,0.26439258,0.01,0,6.167781186,,
1969-11-01,75600,1.612903226,8.5,0.417367748,-0.0503,0,6.167781186,,
1969-12-01,76800,1.587301587,8.5,0.417367748,-0.0059,0,6.167781186,,
1970-01-01,76400,-0.520833333,8.5,0.417367748,-0.032,0,6.167781186,,
1970-02-01,75200,-1.570680628,8.5,0.510297421,0.0201,0,6.167781186,,
1970-03-01,75300,0.132978723,8.5,0.510297421,-0.0275,0,6.167781186,,
1970-04-01,76300,1.328021248,8,0.510297421,-0.112,0,6.167781186,,
1970-05-01,76600,0.393184797,8,0.580115678,-0.0027,0,3.659998029,,
1970-06-01,76900,0.391644909,8,0.580115678,0.0052,0,6.167781186,,
1970-07-01,78000,1.430429129,8,0.580115678,0.0326,-1.194029851,3.659998029,,
1970-08-01,78200,0.256410256,8,0.078172807,0.0632,0,3.659998029,,
1970-09-01,78700,0.639386189,8,0.078172807,0.0249,0,6.167781186,,
1970-10-01,78700,0,7.5,0.078172807,0.0021,0,6.167781186,,
1970-11-01,79500,1.016518424,7.5,1.405460707,0.0716,0,6.167781186,,
1970-12-01,81000,1.886792453,7,1.405460707,0.0411,7.552870091,6.167781186,,
1971-01-01,81200,0.24691358,6.75,1.405460707,0.0415,0,3.659998029,1.175213675,
1971-02-01,80600,-0.738916256,6,0.616227096,0.0283,0,0,2.27032735,
1971-03-01,80800,0.248138958,5.75,0.616227096,0.0367,0,3.659998029,0.33557047,
1971-04-01,81600,0.99009901,5.25,0.616227096,-0.0111,0,3.659998029,0.360174942,
1971-05-01,82400,0.980392157,5.38,0.613272328,-0.016,0,6.167781186,3.870802358,
1971-06-01,82900,0.606796117,5.5,0.613272328,-0.0046,0,6.167781186,-1.036525173,
1971-07-01,84200,1.568154403,5.5,0.613272328,-0.0152,0,2.426576795,2.119700748,
1971-08-01,84100,-0.118764846,6,0.355988807,0.0249,0,2.426576795,4.297924298,
1971-09-01,84400,0.356718193,6,0.355988807,-0.0186,0,2.426576795,-1.59213299,
1971-10-01,84700,0.355450237,6,0.355988807,-0.0437,0,2.426576795,1.11824887,
1971-11-01,85500,0.944510035,5.75,1.116396139,0.0716,0,2.426576795,0.847058824,
1971-12-01,86800,1.520467836,5.5,1.116396139,0.0442,0,2.426576795,1.446570229,
1972-01-01,87200,0.460829493,5.25,1.116396139,0.0209,0,2.426576795,5.220791168,
1972-02-01,86100,-1.26146789,4.75,0.959392331,0.0262,0,6.167781186,5.486338798,
1972-03-01,86700,0.696864111,4.75,0.959392331,0.0126,0,0,0.145047659,
1972-04-01,87900,1.384083045,4.75,0.959392331,-0.0078,0,2.426576795,1.44837575,
1972-05-01,88500,0.682593857,5,0.632898773,0.0052,0,2.426576795,11.40118295,
1972-06-01,88900,0.451977401,5,0.632898773,-0.005,0,2.426576795,13.67630904,
1972-07-01,90100,1.349831271,5.25,0.632898773,0.0378,0,2.426576795,5.749718151,
1972-08-01,90100,0,5.25,0.980565025,-0.0121,0,2.426576795,2.086506244,
1972-09-01,90200,0.110987791,5.5,0.980565025,0.0042,0,6.167781186,-2.34223482,
1972-10-01,91400,1.33037694,5.5,0.980565025,0.0525,0,2.426576795,-0.916590284,
1972-11-01,90500,-0.984682713,5.75,1.204140768,0.0231,0,6.167781186,-3.006475486,
1972-12-01,91400,0.994475138,5.75,1.204140768,0.0099,0,2.426576795,1.589572405,
1973-01-01,91700,0.328227571,6,1.204140768,-0.0333,0,6.167781186,1.924581443,
1973-02-01,90300,-1.526717557,6,0.873111128,-0.0135,0,8.731066192,13.90850476,
1973-03-01,91100,0.88593577,6.25,0.873111128,-0.0163,0,11.3509675,13.70619946,
1973-04-01,92600,1.646542261,6.5,0.873111128,-0.0257,0,8.731066192,7.26561574,
1973-05-01,93100,0.539956803,6.75,0.468163006,-0.0199,0,6.167781186,12.66298343,
1973-06-01,93700,0.644468314,7.25,0.468163006,0.0121,0,8.731066192,17.81090624,
1973-07-01,95600,2.027748132,7.75,0.468163006,-0.0164,0,0,0.041625042,
1973-08-01,95800,0.209205021,8.75,0.977302761,0.02,21.06741573,23.87205316,-11.15919115,
1973-09-01,96200,0.417536534,9.75,0.977302761,0.0424,0,4.907020753,-3.550018734,
1973-10-01,97500,1.351351351,10,0.977302761,-0.0685,0,11.3509675,-2.806642711,
1973-11-01,98300,0.820512821,9.75,0.335752185,-0.0681,0,8.731066192,-5.1558753,
1973-12-01,100100,1.831129196,9.75,0.335752185,0.017,0,11.3509675,12.43152128,
1974-01-01,100400,0.2997003,9.75,0.335752185,-0.0247,134.5707657,14.02861965,21.05509745,
1974-02-01,99100,-1.294820717,9.5,0.860922662,0.0457,0,14.02861965,16.20868488,
1974-03-01,99600,0.504540868,8.75,0.860922662,-0.0482,0,14.02861965,12.18277493,
1974-04-01,101700,2.108433735,9.25,0.860922662,-0.0271,0,7.442416772,2.268139176,
1974-05-01,102800,1.081612586,10.5,0.648700062,0.0046,0,12.68250301,-5.207849512,
1974-06-01,103600,0.778210117,11.5,0.648700062,-0.1135,0,10.03386937,-5.616463527,
1974-07-01,105100,1.447876448,11.75,0.648700062,-0.0376,0,7.442416772,-7.216093446,
1974-08-01,105000,-0.095147479,12,0.840193187,-0.1001,0,15.38946242,8.154986711,
1974-09-01,105300,0.285714286,12,0.840193187,0.0238,0,18.15591289,-1.868856699,
1974-10-01,105700,0.379867047,12,0.840193187,0.0374,10.38575668,10.03386937,4.63261944,
1974-11-01,106900,1.135288553,11.25,0.341339761,-0.0609,0,12.68250301,14.4098753,
1974-12-01,108600,1.590271282,10.5,0.341339761,0.0863,0,10.03386937,1.167015303,
1975-01-01,107700,-0.828729282,10.5,0.341339761,0.1081,0,10.03386937,-4.086407661,
1975-02-01,105500,-2.042711235,9.25,0.731729095,0.0497,0,7.442416772,1.889147331,
1975-03-01,105700,0.18957346,8.5,0.731729095,0.0149,0,4.907020753,-0.801781737,
1975-04-01,106800,1.040681173,7.5,0.731729095,0.0671,0,4.907020753,-4.669959587,
1975-05-01,107000,0.187265918,7.5,1.156314683,0.0289,0,2.426576795,-1.44253415,
1975-06-01,108400,1.308411215,7.25,1.156314683,0.0043,0,10.03386937,-1.881832845,
1975-07-01,109500,1.014760148,7,1.156314683,-0.07,0,11.3509675,0.56624452,
1975-08-01,109100,-0.365296804,7.5,1.003855405,-0.0085,0,4.907020753,-1.313797905,
1975-09-01,109200,0.091659028,7.75,1.003855405,0.0497,0,8.731066192,-11.55214724,
1975-10-01,109700,0.457875458,8,1.003855405,0.0204,0,6.167781186,-0.957203302,
1975-11-01,111100,1.27620784,7.75,1.097661868,-0.0118,0,8.731066192,-0.259121787,
1975-12-01,113100,1.800180018,7.5,1.097661868,0.0955,0,6.167781186,-2.190703553,
1976-01-01,111900,-1.061007958,7.25,1.097661868,0.0418,0,4.907020753,-5.92246949,
1976-02-01,110600,-1.161751564,6.75,0.579718505,0.008,7.795698925,2.426576795,0.007630675,
1976-03-01,111300,0.632911392,6.75,0.579718505,0.011,0.581878637,2.426576795,1.297115825,
1976-04-01,113100,1.617250674,6.75,0.579718505,-0.0038,0.578512397,2.426576795,-3.63061163,
1976-05-01,113600,0.442086649,6.75,0.612153344,0.009,0,6.167781186,-0.79724871,
1976-06-01,114400,0.704225352,7,0.612153344,0.0267,0,6.167781186,-0.953356445,
1976-07-01,115600,1.048951049,7.25,0.612153344,-0.0056,0,6.167781186,-6.34794368,
1976-08-01,115500,-0.08650519,7,0.836060311,0.0244,0,6.167781186,-6.625329143,
1976-09-01,115600,0.086580087,7,0.836060311,-0.0311,14.21528348,6.167781186,3.838806513,
1976-10-01,116600,0.865051903,7,0.836060311,-0.0037,0,6.167781186,1.752080596,
1976-11-01,118300,1.457975986,6.5,0.92839865,0.0379,0,3.659998029,12.32027551,
1976-12-01,120300,1.690617075,6.5,0.92839865,-0.0054,0,6.167781186,2.659819102,
1977-01-01,119700,-0.498753117,6.25,0.92839865,-0.0237,0,6.167781186,-1.246920033,
1977-02-01,117800,-1.587301587,6.25,1.114938795,-0.0005,0,12.68250301,3.009224255,
1977-03-01,118700,0.764006791,6.25,1.114938795,-0.0119,0,6.167781186,8.800645919,
1977-04-01,120600,1.600673968,6.25,1.114938795,0.0006,0,8.731066192,0.634149632,
1977-05-01,121000,0.331674959,6.25,1.004257834,0.009,0,3.659998029,-1.716162767,
1977-06-01,121800,0.661157025,6.75,1.004257834,0.0128,0,6.167781186,-3.976536389,
1977-07-01,124100,1.888341544,6.75,1.004257834,-0.0208,0,6.167781186,1.853956528,
1977-08-01,124200,0.080580177,6.75,0.715466519,-0.0118,6.834532374,6.167781186,1.080967989,
1977-09-01,124400,0.161030596,7,0.715466519,-0.022,0,3.659998029,3.166827653,
1977-10-01,125700,1.045016077,7.25,0.715466519,0.0098,0,6.167781186,6.299739183,
1977-11-01,127600,1.511535402,7.75,0.589329668,-0.0008,0,7.442416772,1.981755269,
1977-12-01,129900,1.802507837,7.75,0.589329668,-0.0339,0,6.167781186,-1.017890191,
1978-01-01,130200,0.230946882,7.75,0.589329668,-0.0097,0,7.442416772,7.933935806,
1978-02-01,128700,-1.152073733,8,1.913332728,0.0027,0,6.167781186,2.864072064,
1978-03-01,129100,0.310800311,8,1.913332728,0.0483,0,7.442416772,3.070618615,
1978-04-01,131200,1.626646011,8,1.913332728,0.055,0,10.03386937,-4.536789935,
1978-05-01,132300,0.838414634,8,0.89856237,0.0067,0,11.3509675,0.587631219,
1978-06-01,133600,0.982615268,8.5,0.89856237,-0.0006,0,10.03386937,4.219840054,
1978-07-01,135700,1.571856287,9,0.89856237,0.0733,0,10.03386937,2.710204082,
1978-08-01,135200,-0.368459838,9,1.127043846,0.004,0,7.442416772,9.309595719,
1978-09-01,136200,0.73964497,9.25,1.127043846,-0.0277,0,11.3509675,2.801745032,
1978-10-01,137600,1.027900147,9.75,1.127043846,-0.0544,0,11.3509675,7.242549981,
1978-11-01,140700,2.252906977,10.5,0.663891468,0.0192,0,7.442416772,-9.338726697,
1978-12-01,144700,2.842928216,11.5,0.663891468,0.0419,0,7.442416772,0.800193986,
1979-01-01,144300,-0.276434001,11.75,0.663891468,-0.0106,0,11.3509675,9.348087563,
1979-02-01,141600,-1.871101871,11.75,0.845579791,0.0234,6.734006734,12.68250301,8.091341077,
1979-03-01,142300,0.494350282,11.75,0.845579791,0.0243,0,12.68250301,-1.47352139,
1979-04-01,144400,1.475755446,11.75,0.845579791,-0.0189,0,12.68250301,-1.214625077,
1979-05-01,144500,0.069252078,11.75,0.972257485,0.0242,14.1955836,14.02861965,7.728660449,
1979-06-01,145900,0.968858131,11.75,0.972257485,0.0142,5.524861878,14.02861965,8.338833029,
1979-07-01,148100,1.507882111,11.5,0.972257485,0.0501,13.87434555,14.02861965,5.615078654,
1979-08-01,148600,0.337609723,11.75,0.69884274,0.0154,21.83908046,12.68250301,2.062835041,
1979-09-01,149600,0.67294751,12.25,0.69884274,-0.0335,7.547169811,11.3509675,17.99414933,
1979-10-01,151500,1.270053476,13.5,0.69884274,-0.0032,1.754385965,14.02861965,10.34230173,
1979-11-01,153800,1.518151815,15.25,0.800739829,0.044,6.896551724,14.02861965,0.084256753,
1979-12-01,156700,1.88556567,15.5,0.800739829,0.0331,4.838709677,15.38946242,16.09479834,
1980-01-01,156000,-0.446713465,15.25,0.800739829,0.044,0,18.15591289,48.39368902,
1980-02-01,153900,-1.346153846,15.25,0.089649896,-0.0878,13.84615385,16.76517763,-1.479320608,
1980-03-01,155000,0.714749838,16.75,0.089649896,-0.0116,2.702702703,18.15591289,-16.79492575,
1980-04-01,157900,1.870967742,19.5,0.089649896,0.0504,3.947368421,12.68250301,-6.533834315,
1980-05-01,157900,0,18.75,0.699699619,0.0686,0,12.68250301,-0.697705881,
1980-06-01,158900,0.633312223,14,0.699699619,0.0497,0,12.68250301,16.91708836,
1980-07-01,159900,0.629326621,12,0.699699619,0.035,0,1.20662205,7.083166866,
1980-08-01,158400,-0.938086304,11,1.484077381,0.0284,-3.797468354,8.731066192,-2.505946181,
1980-09-01,159400,0.631313131,11.5,1.484077381,0.0332,-5.263157895,10.03386937,7.41130511,
1980-10-01,160900,0.941028858,13.5,1.484077381,0.0461,0,12.68250301,-1.85264908,
1980-11-01,162000,0.683654444,14.5,1.524633802,-0.0124,0,14.02861965,-5.502533464,
1980-12-01,163400,0.864197531,17.75,1.524633802,0.0001,2.777777778,11.3509675,-13.84669558,
1981-01-01,161100,-1.407588739,20.5,1.524633802,-0.0307,2.702702703,11.3509675,3.554044514,
1981-02-01,159000,-1.303538175,20,0.407253756,0.0414,0,11.3509675,-10.33925976,
1981-03-01,159800,0.503144654,19,0.407253756,0.0129,0,8.731066192,-0.13006243,
1981-04-01,162400,1.627033792,17.5,0.407253756,-0.0162,0,7.442416772,-0.663180461,
1981-05-01,163200,0.492610837,18,1.023233433,0.0086,0,8.731066192,-3.247277128,
1981-06-01,163900,0.428921569,20.5,1.023233433,-0.0202,-5.263157895,11.3509675,-3.879508026,
1981-07-01,166000,1.281269067,20,1.023233433,0.008,0,14.02861965,-11.28196231,
1981-08-01,166100,0.060240964,20.5,0.206172036,-0.083,0,10.03386937,0.266458063,
1981-09-01,164700,-0.842865744,20.5,0.206172036,0.0173,0,12.68250301,8.189487029,
1981-10-01,165000,0.182149362,19.5,0.206172036,0.0304,-2.777777778,3.659998029,-1.349859155,
1981-11-01,167200,1.333333333,18,-0.066246879,0.0118,2.857142857,4.907020753,-5.571546053,
1981-12-01,170700,2.093301435,15.75,-0.066246879,-0.048,-2.777777778,3.659998029,-0.793477998,
1982-01-01,169800,-0.527240773,15.75,-0.066246879,-0.0191,-3.285714286,3.659998029,-6.327879246,
1982-02-01,167500,-1.354534747,15.75,0.583683644,-0.0274,-6.765140325,3.659998029,-2.605820795,
1982-03-01,166200,-0.776119403,16.5,0.583683644,0.0547,-9.759188847,0,-11.72854355,
1982-04-01,168700,1.504211793,16.5,0.583683644,0.0057,17.4508427,3.659998029,6.071158213,
1982-05-01,170000,0.770598696,16.5,0.342466173,-0.0527,7.414050822,11.3509675,-4.735940622,
1982-06-01,171700,1,16.5,0.342466173,0.0024,-2.393543,14.02861965,-5.612657697,
1982-07-01,173400,0.99009901,16.5,0.342466173,0.0079,-2.594810379,6.167781186,7.616356594,
1982-08-01,174000,0.346020761,15,0.357558711,0.121,-0.614754098,2.426576795,7.451986901,
1982-09-01,173400,-0.344827586,13.5,0.357558711,0.0888,4.948453608,0,20.06424512,
1982-10-01,175000,0.92272203,13.5,0.357558711,0.045,0.140331182,4.907020753,-3.466648373,
1982-11-01,177500,1.428571429,12,0.689341787,0.0136,-4.288116592,-1.193421951,-1.719767855,
1982-12-01,180700,1.802816901,11.5,0.689341787,0.0393,-7.115666179,-3.54119001,7.136831449,
1983-01-01,178900,-0.996126176,11.5,0.689341787,0.0213,-1.670870113,2.426576795,8.276715411,
1983-02-01,177000,-1.062045836,11,1.001760254,0.0387,-7.181789035,1.20662205,2.036194394,
1983-03-01,177300,0.169491525,10.5,1.001760254,0.042,-0.449050086,1.20662205,-14.53705024,
1983-04-01,180000,1.52284264,10.5,1.001760254,0.0442,6.210964608,8.731066192,3.140338337,
1983-05-01,181400,0.777777778,10.5,1.017238353,0.0175,-1.992812806,4.907020753,1.185085936,
1983-06-01,183300,1.047409041,10.5,1.017238353,0.0071,3.333333333,2.426576795,-5.746444145,
1983-07-01,185300,1.091107474,10.5,1.017238353,-0.0241,2.129032258,4.907020753,-2.405290185,
1983-08-01,185400,0.053966541,10.5,0.944532733,0.0331,0.789639924,3.659998029,3.298503388,
1983-09-01,184900,-0.269687163,11,0.944532733,0.0065,-2.507051081,3.659998029,-1.057184046,
1983-10-01,186400,0.811249324,11,0.944532733,-0.0114,-2.25008036,4.907020753,-4.419621175,
1983-11-01,189100,1.448497854,11,0.985915584,-0.0013,-1.874383427,3.659998029,-3.023373984,
1983-12-01,192200,1.639344262,11,0.985915584,0.0158,-2.010723861,3.659998029,1.739586062,
1984-01-01,191300,-0.468262227,11,0.985915584,-0.0511,1.538987688,8.731066192,-4.49348509,
1984-02-01,186800,-2.352326189,11,0.858738964,0.0044,1.532502526,6.167781186,4.063199331,
1984-03-01,189100,1.231263383,11,0.858738964,0.0051,2.043456626,3.659998029,2.150481915,
1984-04-01,192200,1.639344262,11.5,0.858738964,-0.0025,-0.464874354,4.907020753,-3.269416121,
1984-05-01,192800,0.312174818,12,0.616773523,-0.0185,-0.32007316,2.426576795,-1.040983821,
1984-06-01,195700,1.504149378,12.5,0.616773523,-0.0091,-1.811926606,2.426576795,0.079491256,
1984-07-01,197500,0.919775166,13,0.616773523,0.0921,-4.054459906,4.907020753,-7.940164151,
1984-08-01,196700,-0.405063291,13,0.522058123,0.0141,1.732053422,3.659998029,-0.00287596,
1984-09-01,197900,0.61006609,13,0.522058123,-0.0041,0.208547009,3.659998029,-2.157031924,
1984-10-01,198100,0.101061142,12.75,0.522058123,0.0129,-1.862781891,4.907020753,0.235155791,
1984-11-01,200600,1.261988894,12,0.651533033,-0.0071,-2.318790196,2.426576795,0.293255132,
1984-12-01,204800,2.093718843,11.25,0.651533033,0.047,-9.498896719,2.426576795,-6.567251462,
1985-01-01,203200,-0.78125,10.75,0.651533033,0.0579,0.833693814,2.426576795,-5.241910246,
1985-02-01,200200,-1.476377953,10.5,0.507400835,-0.0048,6.357006357,7.442416772,-1.218666402,
1985-03-01,202700,1.248751249,10.5,0.507400835,0.0102,3.54589124,6.167781186,4.81444333,
1985-04-01,205500,1.381351751,10.5,0.507400835,0.0274,2.007932573,2.426576795,4.242424242,
1985-05-01,206700,0.583941606,10.5,0.708116426,0.0251,-4.103454261,2.426576795,-3.304773562,
1985-06-01,210200,1.693275278,10,0.708116426,0.0225,-1.737682366,3.659998029,0.158227848,
1985-07-01,212300,0.999048525,9.5,0.708116426,-0.0185,0.685259551,2.426576795,0.221169036,
1985-08-01,212800,0.23551578,9.5,0.433675884,-0.0188,1.55878371,2.426576795,4.161412358,
1985-09-01,214700,0.892857143,9.5,0.433675884,0.015,1.923977662,2.426576795,-2.13377724,
1985-10-01,216000,0.605496041,9.5,0.433675884,0.0642,4.415143695,4.907020753,0.773156023,
1985-11-01,219500,1.62037037,9.5,0.47626584,0.0529,4.316473695,6.167781186,-1.334970078,
1985-12-01,224700,2.369020501,9.5,0.47626584,0.0075,-11.63469964,6.167781186,0.124416796,
1986-01-01,221700,-1.335113485,9.5,0.47626584,0.057,-15.73013075,4.907020753,7.946567257,
1986-02-01,217800,-1.759133965,9.5,0.276128874,0.0618,-32.69993463,-2.373775211,-2.472084724,
1986-03-01,221400,1.652892562,9.5,0.276128874,0.0274,-18.28778656,-5.837719309,2.009501608,
1986-04-01,225100,1.671183379,9,0.276128874,0.0049,1.814867649,-4.695795409,-1.521550477,
1986-05-01,226400,0.577521102,8.5,0.455017304,0.0313,20.21483615,3.659998029,0.575725532,
1986-06-01,230100,1.634275618,8.5,0.455017304,-0.018,-12.78813779,4.907020753,0.087616822,
1986-07-01,233000,1.260321599,8.5,0.455017304,0.0228,-14.06191996,1.20662205,1.645754304,
1986-08-01,233200,0.08583691,8,0.360113582,-0.0246,30.38444924,1.20662205,8.129987943,
1986-09-01,235100,0.814751286,7.5,0.360113582,-0.0009,-1.186058839,4.907020753,10.90373281,
1986-10-01,237000,0.808166738,7.5,0.360113582,0.0353,-0.409039093,2.426576795,1.383668877,
1986-11-01,242000,2.109704641,7.5,0.459699524,0.0171,2.390250471,2.426576795,-6.127364171,
1986-12-01,248600,2.727272727,7.5,0.459699524,0.0667,5.714473598,4.907020753,-1.670188148,
1987-01-01,247000,-0.643604183,7.5,0.459699524,0.0646,16.04876835,6.167781186,4.435690167,
1987-02-01,242500,-1.821862348,7.5,0.589495845,0.0438,-4.984991424,4.907020753,-1.748885514,
1987-03-01,244800,0.948453608,7.5,0.589495845,-0.0086,3.266388356,4.907020753,1.942062226,
1987-04-01,249600,1.960784314,7.75,0.589495845,0.0017,1.84649003,4.907020753,7.19962828,
1987-05-01,250600,0.400641026,8,0.540782233,0.045,4.140964437,3.659998029,4.991445192,
1987-06-01,252900,0.917797287,8.25,0.540782233,0.0312,3.188256503,4.907020753,-2.311887534,
1987-07-01,254800,0.751285093,8.25,0.540782233,0.0645,6.593790556,3.659998029,0.206855135,
1987-08-01,254600,-0.078492936,8.25,0.835378292,-0.0303,-5.062046359,4.907020753,2.359495694,
1987-09-01,256300,0.667714061,8.25,0.835378292,-0.1185,-3.689454474,3.659998029,-0.16697387,
1987-10-01,258100,0.70230199,8.75,0.835378292,-0.123,1.649083274,3.659998029,1.079542986,
1987-11-01,262400,1.666020922,9,0.433277597,-0.0133,-4.675534059,3.659998029,0.477060277,
1987-12-01,266900,1.714939024,8.75,0.433277597,0.0425,-8.874207188,2.426576795,3.992985008,
1988-01-01,266300,-0.224803297,8.75,0.433277597,0.0333,-0.469810336,3.659998029,-1.986673248,
1988-02-01,260700,-2.102891476,8.75,0.760710421,0.0323,-2.301864802,2.426576795,-7.241176717,
1988-03-01,263400,1.035673188,8.5,0.760710421,-0.0089,-3.268714584,3.659998029,0.348361119,
1988-04-01,268400,1.898253607,8.5,0.760710421,-0.0219,10.22383918,7.442416772,1.789860463,
1988-05-01,268800,0.149031297,8.5,0.592490049,0.06,-2.444755245,3.659998029,-0.10630052,
1988-06-01,273100,1.599702381,9,0.592490049,-0.0031,-5.207019154,4.907020753,0.057640721,
1988-07-01,275800,0.988648847,9,0.592490049,-0.0172,-6.243194192,4.907020753,-3.035472936,
1988-08-01,274800,-0.362581581,9.5,0.730828883,0.0193,0.167763582,4.907020753,-1.450997418,
1988-09-01,275200,0.145560408,10,0.730828883,0.038,-6.808812162,4.907020753,-4.131886477,
1988-10-01,275400,0.072674419,10,0.730828883,-0.0202,-4.624317412,3.659998029,-1.615633919,
1988-11-01,279200,1.379811184,10,0.685135673,0.0233,1.297289462,3.659998029,3.29170559,
1988-12-01,283800,1.64756447,10.5,0.685135673,0.0351,16.37690492,3.659998029,-0.266558774,
1989-01-01,282200,-0.563777308,10.5,0.685135673,0.033,10.55576048,4.907020753,-3.589070517,
1989-02-01,275300,-2.445074415,10.5,0.608432094,-0.0016,-0.873046766,3.659998029,-4.084057325,
1989-03-01,278800,1.271340356,11.5,0.608432094,0.0356,9.082239426,6.167781186,0.681272741,
1989-04-01,281600,1.004304161,11.5,0.608432094,0.0412,8.202622782,8.731066192,-1.473792131,
1989-05-01,280600,-0.355113636,11.5,0.489963935,0.0339,-4.790874525,6.167781186,-3.472944849,
1989-06-01,283700,1.104775481,11.5,0.489963935,0.028,-0.134784345,3.659998029,-0.929793828,
1989-07-01,285700,0.704970039,11,0.489963935,0.0469,-1.804548863,3.659998029,2.023939064,
1989-08-01,283900,-0.630031502,10.5,0.302674852,0.0046,-5.711667685,0,-2.63971843,
1989-09-01,284000,0.03522367,10.5,0.302674852,0.0029,5.78771191,2.426576795,-0.92841102,
1989-10-01,284200,0.070422535,10.5,0.302674852,-0.0181,2.536490762,6.167781186,1.418106427,
1989-11-01,287800,1.266713582,10.5,0.722445359,0.0274,-1.348862675,4.907020753,7.462930659,
1989-12-01,294300,2.258512856,10.5,0.722445359,-0.0221,6.397578204,3.659998029,3.837569117,
1990-01-01,293100,-0.407747197,10.5,0.722445359,-0.0253,7.364377845,12.68250301,0.175871418,
1990-02-01,287700,-1.842374616,10,0.493229551,0.0271,-2.354136301,4.907020753,1.63370803,
1990-03-01,292400,1.633646159,10,0.493229551,0.002,-7.644291659,6.167781186,-5.698039874,
1990-04-01,297400,1.70998632,10,0.493229551,0.0385,-8.992065824,2.426576795,-4.788073068,
1990-05-01,297300,-0.033624748,10,0.307152593,0.0317,-1.856635454,2.426576795,-1.386810603,
1990-06-01,301700,1.479986546,10,0.307152593,0.0017,-7.49026704,7.442416772,-4.530551416,
1990-07-01,303900,0.729201193,10,0.307152593,-0.0786,10.47359374,6.167781186,2.895013198,
1990-08-01,305100,0.394866732,10,-0.057571513,-0.0434,45.79890546,10.03386937,8.882023557,
1990-09-01,308000,0.95050803,10,-0.057571513,-0.0232,23.9677633,8.731066192,-1.37055709,
1990-10-01,308800,0.25974026,10,-0.057571513,0.0298,6.634606822,8.731066192,-2.203842597,
1990-11-01,313700,1.586787565,10,0.168720745,0.0459,-10.08295752,2.426576795,0.260019961,
1990-12-01,315300,0.510041441,10,0.168720745,-0.0069,-15.36532508,4.907020753,-1.252193959,
1991-01-01,309600,-1.807802093,9.5,0.168720745,0.1161,-8.698833083,4.907020753,1.77477119,
1991-02-01,306900,-0.872093023,9.5,0.503843762,0.0304,-17.77314796,1.20662205,-5.163695131,
1991-03-01,311100,1.368523949,9,0.503843762,0.0226,-3.230521854,0,-0.134678284,
1991-04-01,314100,0.964320154,9,0.503843762,-0.0018,4.848942598,2.426576795,-1.365112567,
1991-05-01,314300,0.063673989,8.5,0.428371709,0.0035,2.002593286,4.907020753,-0.399017802,
1991-06-01,318100,1.209035953,8.5,0.428371709,0.0078,-4.919962335,3.659998029,2.737078022,
1991-07-01,320000,0.597296448,8.5,0.428371709,0.0268,6.065857886,1.20662205,0.264506981,
1991-08-01,320100,0.03125,8.5,0.31378285,-0.003,1.251167134,3.659998029,-3.094998504,
1991-09-01,321800,0.531084036,8.5,0.31378285,0.0018,0.779232755,3.659998029,-2.124554461,
1991-10-01,323100,0.403977626,8,0.31378285,0.0002,6.272590017,1.20662205,2.853128405,
1991-11-01,328400,1.640359022,8,0.521717311,0.0094,-3.284828655,4.907020753,0.412612562,
1991-12-01,335400,2.131546894,7.5,0.521717311,0.0736,-13.12263521,3.659998029,0.4331288,
1992-01-01,333100,-0.68574836,6.5,0.521717311,-0.006,-3.571245581,1.20662205,-2.012550798,
1992-02-01,331200,-0.570399279,6.5,0.560834695,-0.0101,0.929861849,2.426576795,-0.152348709,
1992-03-01,335600,1.328502415,6.5,0.560834695,0.0026,-0.415898921,4.907020753,-2.704077308,
1992-04-01,333100,-0.744934446,6.5,0.560834695,0.0207,7.015225206,2.426576795,-1.661148864,
1992-05-01,334500,0.420294206,6.5,0.491484106,-0.0133,3.443165539,2.426576795,-0.407536472,
1992-06-01,337100,0.777279522,6.5,0.491484106,0.0191,6.852913085,3.659998029,1.058593287,
1992-07-01,340400,0.978938001,6.5,0.491484106,0.0094,-2.753072626,3.659998029,3.494615768,
1992-08-01,342700,0.675675676,6,0.576178609,0.0038,-1.879681971,2.426576795,-2.738716262,
1992-09-01,346900,1.225561716,6,0.576178609,-0.0118,2.585480094,2.426576795,0.690841252,
1992-10-01,349800,0.835975786,6,0.576178609,0.0276,-0.977079719,4.907020753,-0.303968966,
1992-11-01,355900,1.743853631,6,0.242178252,0.0327,-6.206196975,3.659998029,-2.71792787,
1992-12-01,361900,1.685866817,6,0.242178252,0.0014,-4.596401534,1.20662205,-0.059697928,
1993-01-01,360600,-0.359215253,6,0.242178252,0.0172,-1.710722935,4.907020753,-1.735260737,
1993-02-01,359500,-0.305047144,6,0.392152033,0.0215,5.127129751,2.426576795,0.091182639,
1993-03-01,362700,0.890125174,6,0.392152033,-0.0134,1.466114796,1.20662205,0.233822234,
1993-04-01,368800,1.681830714,6,0.392152033,0.0072,-0.378434167,3.659998029,3.656689287,
1993-05-01,370800,0.542299349,6,0.356876613,0.0087,-1.628021707,3.659998029,7.315504896,
1993-06-01,375800,1.348435814,6,0.356876613,0.0006,-4.363089268,1.20662205,1.282749605,
1993-07-01,379100,0.878126663,6,0.356876613,0.0176,-6.313581542,1.20662205,5.45860335,
1993-08-01,380900,0.474808758,6,0.633573635,0.0135,0.800403,2.426576795,-3.403962365,
1993-09-01,384700,0.997637175,6,0.633573635,0.0124,-2.748625687,1.20662205,-6.218984268,
1993-10-01,388200,0.909799844,6,0.633573635,0.0001,3.60283202,4.907020753,2.505066426,
1993-11-01,392000,0.978876868,6,0.482026949,0.0089,-7.969137503,3.659998029,2.649788566,
1993-12-01,398600,1.683673469,6,0.482026949,0.0174,-13.10856938,2.426576795,2.533237033,
1994-01-01,397800,-0.200702459,6,0.482026949,-0.0008,3.376981392,0,0.93399426,
1994-02-01,397900,0.02513826,6,0.61123393,-0.0142,-1.466666667,3.659998029,-1.284636063,
1994-03-01,400800,0.728826338,6,0.61123393,-0.0335,-0.811907984,3.659998029,0.581288785,
1994-04-01,406900,1.521956088,6.25,0.61123393,0.0106,11.73260573,1.20662205,-1.785853747,
1994-05-01,407100,0.049152126,6.75,0.385544445,0.0111,9.157509158,2.426576795,1.102658573,
1994-06-01,411600,1.105379514,7.25,0.385544445,-0.0052,6.655480984,3.659998029,1.103741184,
1994-07-01,415000,0.826044704,7.25,0.385544445,0.0308,3.041426324,3.659998029,-0.03889638,
1994-08-01,415300,0.072289157,7.25,0.561618414,0.0082,-6.463104326,4.907020753,-1.33077382,
1994-09-01,416900,0.385263665,7.75,0.561618414,-0.0044,-5.005440696,2.426576795,2.949836997,
1994-10-01,418700,0.431758215,7.75,0.561618414,-0.0037,1.431844215,1.20662205,-0.46222994,
1994-11-01,423100,1.050871746,7.75,0.298675171,-0.0103,2.20214568,3.659998029,-1.380301203,
1994-12-01,428500,1.27629402,8.5,0.298675171,0.0245,-5.193370166,2.426576795,-1.326777492,
1995-01-01,426200,-0.536756126,8.5,0.298675171,0.0382,4.836829837,3.659998029,-0.195101374,
1995-02-01,422900,-0.774284374,9,0.259477442,0.0256,3.001667593,3.659998029,-0.504556862,
1995-03-01,427700,1.135020099,9,0.259477442,0.0322,0.107933081,2.426576795,1.454970263,
1995-04-01,433500,1.356090718,9,0.259477442,0.0335,7.115902965,4.907020753,2.331728253,
1995-05-01,434000,0.115340254,9,0.447051108,0.0318,-0.654252642,2.426576795,-1.485819502,
1995-06-01,434800,0.184331797,9,0.447051108,0.0355,-6.686930091,2.426576795,0.607445096,
1995-07-01,435900,0.25298988,9,0.447051108,0.0051,-6.080347448,1.20662205,-0.34317267,
1995-08-01,435500,-0.091764166,8.75,0.3866309,0.0372,4.219653179,2.426576795,-0.662817492,
1995-09-01,436300,0.1836969,8.75,0.3866309,0.0091,1.109262341,1.20662205,-0.158990799,
1995-10-01,436600,0.068760028,8.75,0.3866309,0.0236,-4.333516182,3.659998029,0.020884457,
1995-11-01,439100,0.572606505,8.75,0.409517998,0.0339,3.153669725,1.20662205,0.566372605,
1995-12-01,445800,1.525848326,8.75,0.409517998,0.0016,5.836575875,1.20662205,0.55280164,
1996-01-01,441700,-0.91969493,8.5,0.409517998,0.059,-0.840336134,6.167781186,3.099834813,
1996-02-01,435700,-1.358388046,8.25,0.691538794,-0.002,1.006355932,2.426576795,1.329327826,
1996-03-01,440500,1.101675465,8.25,0.691538794,0.002,12.00839014,3.659998029,-2.112362882,
1996-04-01,443400,0.658342792,8.25,0.691538794,0.0235,10.34644195,4.907020753,-0.848035133,
1996-05-01,443000,-0.090211998,8.25,0.4073593,0.0128,-9.843020789,2.426576795,-0.234186076,
1996-06-01,446400,0.767494357,8.25,0.4073593,-0.0348,-3.764705882,2.426576795,-1.699283035,
1996-07-01,449800,0.761648746,8.25,0.4073593,0.0308,4.254278729,2.426576795,-0.467204817,
1996-08-01,450900,0.244553135,8.25,0.523457573,0.0202,3.001876173,1.20662205,1.01181318,
1996-09-01,452000,0.243956531,8.25,0.523457573,0.0412,9.244080146,3.659998029,-1.086872338,
1996-10-01,452500,0.110619469,8.25,0.523457573,0.0505,3.793247186,3.659998029,-0.540272485,
1996-11-01,457000,0.994475138,8.25,0.413489091,0.012,-4.779116466,3.659998029,-0.84498911,
1996-12-01,465000,1.750547046,8.25,0.413489091,0.0326,7.085617883,3.659998029,-2.342199285,
1997-01-01,462500,-0.537634409,8.25,0.413489091,0.0436,-0.866482867,2.426576795,-3.764227642,
1997-02-01,459900,-0.562162162,8.25,0.618654481,-0.0062,-11.76003178,2.426576795,-2.402072597,
1997-03-01,462300,0.521852577,8.25,0.618654481,-0.0341,-5.493021162,1.20662205,1.509031104,
1997-04-01,465500,0.692191218,8.5,0.618654481,0.0922,-6.050500238,1.20662205,-2.086353429,
1997-05-01,467000,0.322234157,8.5,0.560304884,0.0534,5.628803245,0,-0.182889657,
1997-06-01,469800,0.599571734,8.5,0.560304884,0.0574,-7.969275084,2.426576795,-0.895765472,
1997-07-01,473100,0.702426564,8.5,0.560304884,0.0035,2.399582681,1.20662205,-4.889071487,
1997-08-01,474300,0.253646164,8.5,0.395089823,0.0119,1.528273051,2.426576795,-0.027769207,
1997-09-01,475400,0.231920725,8.5,0.395089823,0.0165,-0.702458605,2.426576795,-0.367272615,
1997-10-01,477700,0.483803113,8.5,0.395089823,-0.0115,7.427993936,2.426576795,0.635028809,
1997-11-01,484600,1.444421185,8.5,0.380986633,0.0263,-5.126999059,1.20662205,-5.79616462,
1997-12-01,493100,1.754023937,8.5,0.380986633,0.0024,-9.17203768,1.20662205,-5.652855836,
1998-01-01,491200,-0.38531738,8.5,0.380986633,0.064,-8.788209607,1.20662205,0.124679643,
1998-02-01,488400,-0.570032573,8.5,0.386553362,0.0531,-3.889886296,0,2.902109997,
1998-03-01,491000,0.532350532,8.5,0.386553362,0.0341,-6.475716065,0,-0.521025917,
1998-04-01,494100,0.631364562,8.5,0.386553362,-0.0022,2.796271638,1.20662205,4.173143205,
1998-05-01,495200,0.222626999,8.5,0.559491431,0.0012,-3.756476684,2.426576795,-2.980959486,
1998-06-01,498100,0.585621971,8.5,0.559491431,0.0447,-8.075370121,1.20662205,-2.266800401,
1998-07-01,502400,0.863280466,8.5,0.559491431,-0.0697,3.074670571,2.426576795,0.188149973,
1998-08-01,504900,0.497611465,8.5,0.627895731,-0.049,-5.113636364,1.20662205,-2.991088196,
1998-09-01,508600,0.73281838,8.5,0.627895731,0.0129,11.9011976,1.20662205,1.714124811,
1998-10-01,512600,0.78647267,8.25,0.627895731,0.1097,-3.745819398,2.426576795,2.405010727,
1998-11-01,518300,1.111978151,8,0.420334985,0.041,-10.7018763,1.20662205,-0.611631129,
1998-12-01,526400,1.562801466,7.75,0.420334985,0.0505,-12.21789883,2.426576795,-0.829593363,
1999-01-01,527900,0.284954407,7.75,0.420334985,-0.0007,10.54964539,2.426576795,-1.577070762,
1999-02-01,526400,-0.284144724,7.75,0.403989293,0.0292,-3.688853248,0,0.08708374,
1999-03-01,531000,0.873860182,7.75,0.403989293,0.0425,22.06494588,1.20662205,-0.476803675,
1999-04-01,535200,0.790960452,7.75,0.403989293,-0.001,18.28103683,8.731066192,-1.167995524,
1999-05-01,540600,1.00896861,7.75,0.55819293,-0.0061,2.364475202,1.20662205,-2.186681763,
1999-06-01,544000,0.628930818,7.75,0.55819293,0.0452,0.788732394,0,-5.473158732,
1999-07-01,548800,0.882352941,8,0.55819293,-0.0377,12.18557854,4.907020753,-2.001454211,
1999-08-01,551400,0.473760933,8,0.729503219,-0.006,5.929247633,2.426576795,0.23820681,
1999-09-01,556800,0.979325354,8.25,0.729503219,-0.0127,12.32361242,4.907020753,3.136078538,
1999-10-01,564700,1.418821839,8.25,0.729503219,0.0711,-5.192629816,2.426576795,17.36798368,
1999-11-01,582800,3.205241721,8.25,0.342289195,0.0281,10.29151943,2.426576795,-5.644953656,
1999-12-01,612500,5.096087852,8.5,0.342289195,-0.0012,4.445334401,2.426576795,-3.448393478,
2000-01-01,601900,-1.730612245,8.5,0.342289195,-0.0248,4.217791411,3.659998029,0.441586887,
2000-02-01,578000,-3.970759262,8.5,0.811685535,0.0394,7.983811626,4.907020753,5.465672482,
2000-03-01,577100,-0.155709343,8.75,0.811685535,0.0142,1.839863714,7.442416772,-4.492096312,
2000-04-01,578600,0.259920291,9,0.811685535,-0.0284,-13.88424222,-1.193421951,-2.33946716,
2000-05-01,580600,0.345661943,9,0.228617343,0.0316,11.81041181,2.426576795,-1.608924166,
2000-06-01,582000,0.241129866,9.5,0.228617343,0.0085,10.59763725,7.442416772,3.830081035,
2000-07-01,584200,0.378006873,9.5,0.228617343,0.0094,-6.471881872,3.659998029,-1.448920309,
2000-08-01,583400,-0.136939404,9.5,0.378410918,-0.0108,4.870675176,0,-2.528498881,
2000-09-01,583800,0.068563593,9.5,0.378410918,-0.0521,8.520179372,6.167781186,-0.287827449,
2000-10-01,585300,0.256937307,9.5,0.378410918,-0.0077,-2.361275089,2.426576795,-1.344636071,
2000-11-01,590300,0.854262771,9.5,0.110035534,-0.0332,3.990326481,2.426576795,-1.477777778,
2000-12-01,598300,1.355243097,9.5,0.110035534,0.0046,-17.26744186,2.426576795,2.045035901,
2001-01-01,598700,0.066856092,9.5,0.110035534,-0.0214,3.935347857,7.442416772,-2.195616136,
2001-02-01,595900,-0.467679973,8.5,0.408283528,-0.0908,0.101419878,2.426576795,-1.363516517,
2001-03-01,599100,0.537002853,8.5,0.408283528,0.0045,-8.004052685,1.20662205,0.442967885,
2001-04-01,601700,0.43398431,8,0.408283528,0.0688,0.624082232,2.426576795,-0.969471163,
2001-05-01,605900,0.69802227,7.5,-0.003082147,-0.0239,4.487413353,6.167781186,4.560810811,
2001-06-01,609100,0.528139957,7,-0.003082147,-0.0266,-3.631284916,2.426576795,-0.782053165,
2001-07-01,616000,1.132818913,6.75,-0.003082147,-0.0205,-4.166666667,-2.373775211,-0.999148873,
2001-08-01,622400,1.038961039,6.75,0.196020121,-0.1125,3.856332703,0,1.816618697,
2001-09-01,647200,3.984575835,6.5,0.196020121,0.0318,-5.788132508,4.907020753,4.049341018,
2001-10-01,635200,-1.854140915,6,0.196020121,0.0505,-14.18083462,-3.54119001,-0.12701997,
2001-11-01,639500,0.676952141,5.5,0.383237461,0.0147,-11.43628996,-1.193421951,-2.437645729,
2001-12-01,650800,1.767005473,5,0.383237461,-0.003,-1.72852059,-1.193421951,-0.112253766,
2002-01-01,653800,0.460971112,4.75,0.383237461,-0.0335,1.758923952,2.426576795,2.051839768,
2002-02-01,654600,0.122361578,4.75,0.320327961,0.0495,5.439755974,2.426576795,4.969628077,
2002-03-01,659000,0.672166208,4.75,0.320327961,-0.0351,17.74349084,3.659998029,-0.487309645,
2002-04-01,663400,0.6676783,4.75,0.320327961,-0.0282,7.575757576,4.907020753,2.931374549,
2002-05-01,668600,0.78384082,4.75,0.29482181,-0.0592,2.854967644,1.20662205,3.901810493,
2002-06-01,674000,0.807657792,4.75,0.29482181,-0.1076,-5.551443375,1.20662205,2.127253649,
2002-07-01,679300,0.786350148,4.75,0.29482181,0.0114,5.564263323,2.426576795,-2.456566411,
2002-08-01,679800,0.073605182,4.75,0.234315544,-0.0476,5.345211581,3.659998029,-0.967155032,
2002-09-01,680400,0.088261253,4.75,0.234315544,-0.0137,4.545454545,2.426576795,2.862115645,
2002-10-01,681900,0.220458554,4.75,0.234315544,0.0663,-2.763734412,2.426576795,-0.808422636,
2002-11-01,688500,0.967883854,4.75,0.338459549,-0.0104,-8.942807626,2.426576795,0.792898661,
2002-12-01,699200,1.554103123,4.25,0.338459549,-0.0022,11.9908641,2.426576795,4.027329426,
2003-01-01,699300,0.014302059,4.25,0.338459549,-0.0641,11.9646499,4.907020753,7.513557484,
2003-02-01,701000,0.243100243,4.25,0.411866747,0.0131,8.894960534,6.167781186,0.591550164,
2003-03-01,705300,0.613409415,4.25,0.411866747,0.0529,-6.46780039,2.426576795,-5.131348024,
2003-04-01,709600,0.609669644,4.25,0.411866747,0.0531,-15.79731744,-4.695795409,-3.632359419,
2003-05-01,713700,0.577790304,4.25,0.742602969,0.057,-0.389380531,-2.373775211,8.380461942,
2003-06-01,715000,0.182149362,4.25,0.742602969,0.006,9.168443497,1.20662205,0.188088832,
2003-07-01,717600,0.363636364,4,0.742602969,-0.0017,0.130208333,3.659998029,-1.496273348,
2003-08-01,720900,0.459866221,4,0.588931014,0.0316,2.698309493,4.907020753,2.492165689,
2003-09-01,721100,0.027743099,4,0.588931014,0.0203,-10.44634378,3.659998029,5.330379578,
2003-10-01,724800,0.513104979,4,0.588931014,0.0121,7.211028632,-1.193421951,-0.006597263,
2003-11-01,730600,0.800220751,4,0.426342593,0.0306,2.505769865,1.20662205,2.900348358,
2003-12-01,739400,1.204489461,4,0.426342593,0.0493,3.409456417,3.659998029,4.371008694,
2004-01-01,736400,-0.405734379,4,0.426342593,0.0109,6.594090202,4.907020753,1.679555133,
2004-02-01,735300,-0.149375339,4,0.526621314,-0.0157,1.37146192,2.426576795,-2.153276557,
2004-03-01,736800,0.203998368,4,0.526621314,0.0097,5.814622913,2.426576795,0.441861499,
2004-04-01,741200,0.597176982,4,0.526621314,-0.0256,-0.190424374,2.426576795,-0.837786199,
2004-05-01,745000,0.512682137,4,0.526938452,0.0286,9.784682475,4.907020753,-4.830878342,
2004-06-01,750700,0.765100671,4,0.526938452,-0.0224,-5.610724926,4.907020753,2.239309603,
2004-07-01,757300,0.879179433,4.25,0.526938452,-0.0139,7.022619674,1.20662205,1.457286816,
2004-08-01,757200,-0.013204807,4.25,0.597537008,0.0278,10.44482674,1.20662205,0.60765001,
2004-09-01,762200,0.660327522,4.5,0.597537008,0.001,2.247441032,3.659998029,1.18973309,
2004-10-01,763900,0.223038573,4.75,0.597537008,0.0477,15.62568009,6.167781186,3.747825551,
2004-11-01,770500,0.863987433,4.75,0.634763481,0.0273,-8.789760964,6.167781186,4.497650215,
2004-12-01,776300,0.752757949,5,0.634763481,-0.0135,-10.58605035,0,0.61541963,
2005-01-01,775200,-0.141697797,5.25,0.634763481,0.0168,8.100623125,-1.193421951,-4.08275444,
2005-02-01,772900,-0.296697626,5.25,0.404011665,-0.0026,2.412467976,4.907020753,-0.160366012,
2005-03-01,773500,0.077629706,5.5,0.404011665,-0.0241,13.2165937,4.907020753,2.480217314,
2005-04-01,775500,0.258564964,5.75,0.404011665,0.0134,-2.338427546,3.659998029,-1.064192693,
2005-05-01,776400,0.116054159,5.75,0.564252887,0.0218,-6.052036199,-1.193421951,-1.714686429,
2005-06-01,780700,0.553838228,6,0.564252887,0.0181,12.90387317,1.20662205,2.082143204,
2005-07-01,782900,0.281798386,6.25,0.564252887,0.0031,4.337006754,7.442416772,-1.434552324,
2005-08-01,782700,-0.025546047,6.25,0.458386479,0.0028,10.68143101,7.442416772,3.168825784,
2005-09-01,787900,0.664366935,6.5,0.458386479,-0.0262,0.923503155,18.15591289,4.137190875,
2005-10-01,787200,-0.088843762,6.75,0.458386479,0.0396,-4.880280616,2.426576795,3.036961022,
2005-11-01,793500,0.800304878,7,0.68318296,0.0214,-6.525573192,-5.837719309,1.440312578,
2005-12-01,803100,1.209829868,7,0.68318296,0.0147,1.938250429,0,7.013506313,
2006-01-01,804200,0.136969244,7.25,0.68318296,-0.0002,10.2305233,7.442416772,7.795968218,
2006-02-01,804900,0.087043024,7.5,0.376700579,0.0149,-5.922759884,1.20662205,0.933139831,
2006-03-01,810100,0.646042987,7.5,0.376700579,0.008,2.060684731,2.426576795,0.378021424,
2006-04-01,809200,-0.111097395,7.75,0.376700579,-0.0079,10.79491256,6.167781186,9.61419368,
2006-05-01,812600,0.420168067,7.75,0.282196673,-0.0271,1.793657627,3.659998029,10.60176565,
2006-06-01,812400,-0.024612355,8,0.282196673,0.0072,0.028192839,2.426576795,-11.73361287,
2006-07-01,811500,-0.110782866,8.25,0.282196673,0.0229,4.861894025,6.167781186,6.30131931,
2006-08-01,809700,-0.22181146,8.25,0.405395192,0.0253,-1.827711329,4.907020753,-0.176263591,
2006-09-01,810400,0.086451772,8.25,0.405395192,0.0362,-12.56673511,-5.837719309,-5.439042165,
2006-10-01,809800,-0.074037512,8.25,0.405395192,0.02,-7.812744638,-4.695795409,-2.073936869,
2006-11-01,816800,0.864410966,8.25,0.416347049,0.0215,0.832201087,0,7.177950766,
2006-12-01,826700,1.212047013,8.25,0.416347049,0.0069,4.480377295,6.167781186,0.31282503,
2007-01-01,823000,-0.447562598,8.25,0.416347049,0.016,-12.02643882,2.426576795,0.218326397,
2007-02-01,820000,-0.364520049,8.25,0.435252441,-0.0247,8.594465824,4.907020753,5.320153494,
2007-03-01,820900,0.109756098,8.25,0.435252441,0.0418,2.193722578,6.167781186,-1.481771205,
2007-04-01,823000,0.255816786,8.25,0.435252441,0.0339,5.630779392,3.659998029,3.736934929,
2007-05-01,825700,0.328068044,8.25,0.37362907,0.0034,-0.79724871,4.907020753,-1.774884893,
2007-06-01,827200,0.181664043,8.25,0.37362907,0.0057,6.334699023,2.426576795,-1.745815288,
2007-07-01,828900,0.205512573,8.25,0.37362907,-0.042,9.928867813,2.426576795,1.482475673,
2007-08-01,829600,0.08444927,8.25,0.34427659,0.0307,-2.413049339,0,0.004658992,
2007-09-01,827400,-0.265188042,8.25,0.34427659,0.0299,10.41580329,4.907020753,7.099672233,
2007-10-01,829000,0.193376843,7.75,0.34427659,-0.0481,7.844363818,3.659998029,5.88659558,
2007-11-01,834300,0.639324487,7.5,-0.019303684,0.0124,9.767981439,10.03386937,6.843854525,
2007-12-01,837200,0.347596788,7.5,-0.019303684,-0.0664,-3.054322553,3.659998029,-0.377675355,
2008-01-01,830600,-0.788342093,7.25,-0.019303684,-0.0156,1.329990189,3.659998029,10.75593592,
2008-02-01,829500,-0.132434385,6,0.359459722,-0.0263,2.582033351,2.426576795,3.676167245,
2008-03-01,833000,0.421940928,6,0.359459722,0.0424,10.7079182,4.907020753,5.002287764,
2008-04-01,830200,-0.336134454,5.25,0.359459722,0.0256,6.64077302,2.426576795,-6.064326531,
2008-05-01,834700,0.542038063,5,0.074608365,-0.0425,11.3884694,7.442416772,-2.31305753,
2008-06-01,840200,0.658919372,5,0.074608365,-0.0608,6.810750459,12.68250301,0.092836092,
2008-07-01,847000,0.809331112,5,0.074608365,0.0211,-0.365862764,8.731066192,5.653139784,
2008-08-01,847600,0.070838253,5,-1.09632417,-0.0485,-12.61241007,-1.193421951,-10.72036622,
2008-09-01,909700,7.326569136,5,-1.09632417,-0.2019,-10.8995798,1.20662205,-1.083757933,
2009-02-01,1561700,-8.779205607,3.25,-1.09632417,-0.0569,-62.30991338,4.907020753,-2.808904826,
2009-03-01,1647300,5.481206378,3.25,0.156547074,0.1232,22.52298264,-1.193421951,-5.672683544,
2009-04-01,1753200,6.428701512,3.25,-0.114853266,0.0666,3.772405169,1.20662205,7.258731204,
2009-05-01,1775100,1.249144422,3.25,0.156547074,0.0287,18.81903997,1.20662205,5.219754636,
2009-06-01,1683700,-5.14900569,3.25,0.156547074,0.0128,17.78228533,10.03386937,9.818444375,
2009-07-01,1673600,-0.599869335,3.25,0.156547074,0.0812,-8.02238806,0,-1.985896076,
2009-08-01,1710800,2.222753346,3.25,0.464694588,0.0365,10.87533156,3.659998029,-3.68646493,
2009-09-01,1801200,5.284077625,3.25,0.464694588,0.024,-2.251618351,2.426576795,4.318692429,
2009-10-01,1936300,7.500555185,3.25,0.464694588,0.0209,9.156348978,3.659998029,1.833316283,
2009-11-01,2024600,4.560243764,3.25,0.257247422,0.0223,2.980743867,3.659998029,-1.209935813,
2009-12-01,2026200,0.079027956,3.25,0.257247422,0.0136,-4.841188525,1.20662205,1.621338688,
2010-01-01,1995000,-1.53982825,3.25,0.257247422,-0.029,5.275908479,1.20662205,4.973377222,
2010-02-01,2115200,6.025062657,3.25,0.484361283,0.0594,-2.301201739,-1.193421951,4.672729334,
2010-03-01,2079600,-1.683055976,3.25,0.484361283,0.0409,6.307249411,0,8.040672611,
2010-04-01,2014400,-3.135218311,3.25,0.484361283,-0.0588,3.988183161,0,0.68214325,
2010-05-01,2012300,-0.104249404,3.25,0.357889674,-0.0354,-12.59469697,-1.193421951,-1.477099277,
2010-06-01,2002400,-0.491974358,3.25,0.357889674,-0.0016,2.04496208,0,-2.017061388,
2010-07-01,1994300,-0.404514583,3.25,0.357889674,0.0086,1.353682814,2.426576795,1.636277824,
2010-08-01,1993700,-0.030085744,3.25,0.368191747,0.0337,0.589236611,1.20662205,3.175229064,
2010-09-01,1961200,-1.630134925,3.25,0.368191747,0.0458,-1.965633949,2.426576795,4.940070759,
2010-10-01,1961700,0.025494595,3.25,0.368191747,0.0249,8.750497942,3.659998029,2.280174609,
2010-11-01,1973100,0.581128613,3.25,0.091306639,0.0371,2.735042735,3.659998029,-3.240599552,
2010-12-01,2017000,2.224925245,3.25,0.091306639,0.0346,5.823627288,4.907020753,1.91489112,
2011-01-01,2047900,1.531978185,3.25,0.091306639,0.0315,0.426774483,3.659998029,4.537468848,
2011-02-01,2211600,7.993554373,3.25,0.445507529,-0.0111,0.178930888,3.659998029,5.589951667,
2011-03-01,2395300,8.306203653,3.25,0.445507529,0.0222,14.91404331,6.167781186,2.076117864,
2011-04-01,2496600,4.229115351,3.25,0.445507529,0.0066,6.897221683,6.167781186,1.508665685,
2011-05-01,2567200,2.82784587,3.25,0.192762846,-0.0366,-7.915303526,3.659998029,-2.164103058,
2011-06-01,2648500,3.166874416,3.25,0.192762846,0.031,-4.973847824,0,1.0452347,
2011-07-01,2684800,1.370587125,3.25,0.192762846,-0.104,0.934676498,3.659998029,3.533913347,
2011-08-01,2657700,-1.009386174,3.25,0.412793879,-0.0079,-11.17398909,3.659998029,4.049154757,
2011-09-01,2637700,-0.752530383,3.25,0.412793879,0.0302,-0.834009035,2.426576795,2.139929367,
2011-10-01,2637800,0.003791182,3.25,0.412793879,0.0177,0.934470272,1.20662205,1.109362811,
2011-11-01,2605400,-1.228296308,3.25,0.474415971,0.0155,12.49855341,2.426576795,2.837134488,
2011-12-01,2619600,0.545021878,3.25,0.474415971,0.0478,1.399033021,0,11.84295025,
2012-01-01,2640800,0.80928386,3.25,0.474415971,0.0416,1.694227453,3.659998029,0.746442601,
2012-02-01,2694400,2.029687973,3.25,0.286092751,0.0288,2.00518755,2.426576795,-5.965104337,
2012-03-01,2655200,-1.454869359,3.25,0.286092751,-0.0004,3.853300733,2.426576795,4.354818384,
2012-04-01,2639800,-0.579993974,3.25,0.286092751,-0.0309,-2.69328562,2.426576795,-5.694652099,
2012-05-01,2616500,-0.882642624,3.25,0.230695052,-0.0115,-8.351882319,-2.373775211,0.858552291,
2012-06-01,2618800,0.087903688,3.25,0.230695052,0.0292,-12.97782471,-1.193421951,5.487742209,
2012-07-01,2647800,1.107377425,3.25,0.230695052,0.0339,6.698216236,0,-3.947112023,
2012-08-01,2650700,0.109524889,3.25,0.205624358,0.0302,7.085181394,7.442416772,-1.596109669,
2012-09-01,2594900,-2.105104312,3.25,0.205624358,-0.0022,0.59473237,6.167781186,-3.647829251,
2012-10-01,2611800,0.651277506,3.25,0.205624358,-0.0284,-5.437077703,3.659998029,0.611690077,
2012-11-01,2646800,1.340071981,3.25,0.460249924,0.0218,-3.248855644,-2.373775211,-0.279591684,
2012-12-01,2675900,1.099440834,3.25,0.460249924,0.0427,1.83475652,0,2.259312923,
2013-01-01,2741700,2.458985762,3.25,0.460249924,0.0233,7.297450425,2.426576795,7.023204176,
2013-02-01,2845300,3.778677463,3.25,0.160915611,0.0272,0.665328968,6.167781186,0.10144371,
2013-03-01,2935000,3.152567392,3.25,0.160915611,0.0145,-2.381451951,-3.54119001,-1.427933447,
2013-04-01,3011700,2.613287905,3.25,0.160915611,0.0457,-1.053197206,-2.373775211,-2.142027369,
2013-05-01,3116900,3.493043796,3.25,0.446634744,-0.0112,2.965135223,0,-0.766528086,
2013-06-01,3201500,2.714235298,3.25,0.446634744,0.0325,1.054852321,2.426576795,-2.648436383,
2013-07-01,3290900,2.792441043,3.25,0.446634744,0.0025,9.196242171,2.426576795,-2.118729734,
2013-08-01,3398900,3.281777021,3.25,0.46611715,0.0119,1.873625848,2.426576795,-6.605349941,
2013-09-01,3486900,2.589072935,3.25,0.46611715,0.0212,-0.262738106,0,-4.962190766,
2013-10-01,3589500,2.94244171,3.25,0.46611715,0.0386,-5.409728102,1.20662205,-4.998275047,
2013-11-01,3684600,2.649394066,3.25,0.011087249,0.0152,-6.644121743,2.426576795,-4.305233024,
2013-12-01,3717500,0.892905607,3.25,0.011087249,0.0097,4.016620499,3.659998029,5.151719926,
2014-01-01,3728500,0.295897781,3.25,0.011087249,-0.0013,-3.083068729,2.426576795,-0.232427387,
2014-02-01,3833400,2.813463859,3.25,0.617903145,0.0272,6.552525893,1.20662205,-2.374314104,
2014-03-01,3885900,1.369541399,3.25,0.617903145,0.002,-0.019837334,2.426576795,-3.092861809,
2014-04-01,3930700,1.152886075,3.25,0.617903145,0.0153,1.259920635,2.426576795,-4.25972248,
2014-05-01,3911500,-0.488462615,3.25,0.540724504,0.032,0.107769178,2.426576795,1.863108755,
2014-06-01,3948700,0.9510418,3.25,0.540724504,0.015,3.532981014,1.20662205,4.44517669,
2014-07-01,3989100,1.023121534,3.25,0.540724504,-0.0043,-2.079591644,1.20662205,2.808599701,
2014-08-01,4075000,2.153367928,3.25,0.201513852,0.0178,-6.805676224,0,-2.816448117,
2014-09-01,4049200,-0.633128834,3.25,0.201513852,-0.0265,-3.449347421,0,-0.747814702,
2014-10-01,4001500,-1.178010471,3.25,0.201513852,0.0571,-9.451775561,0,-0.748017443,
2014-11-01,3830400,-4.275896539,3.25,0.281048983,0.0063,-10.2014218,-2.373775211,2.461887264,
2014-12-01,3934500,2.71773183,3.25,0.281048983,-0.0111,-21.77068215,-3.54119001,-1.179621392,
2015-01-01,4017100,2.099377303,3.25,0.281048983,0.0283,-20.35756451,-6.96708846,-4.523098067,
2015-02-01,3840500,-4.396206218,3.25,0.39748176,0.0006,7.115628971,3.659998029,-1.137034491,
2015-03-01,4030600,4.949876318,3.25,0.39748176,0.0088,-5.456702254,3.659998029,-3.857700267,
2015-04-01,4059400,0.714533816,3.25,0.39748176,0.0098,13.86449184,1.20662205,2.151736108,
2015-05-01,3949400,-2.709760063,3.25,0.221688049,-0.0044,8.852157943,3.659998029,4.17534274,
2015-06-01,3919600,-0.754544994,3.25,0.221688049,-0.0008,0.927956808,3.659998029,-1.892464521,
2015-07-01,3961200,1.061332789,3.25,0.221688049,-0.0242,-14.91140087,2.426576795,-3.948397822,
2015-08-01,3984000,0.575583157,3.25,0.060666158,-0.0451,-15.77603143,0,1.722338647,
2015-09-01,4028500,1.116967871,3.25,0.060666158,0.0432,6.088173548,-2.373775211,-0.025022312,
2015-10-01,4060500,0.794340325,3.25,0.060666158,0.0293,1.62708883,1.20662205,-1.429131592,
2015-11-01,4006700,-1.32495998,3.25,0.163903212,-0.011,-8.178277802,1.20662205,-4.501904359,
2015-12-01,3835800,-4.265355529,3.25,0.163903212,-0.0642,-12.37040528,-1.193421951,-0.91995994,
2016-01-01,3792700,-1.123624798,3.5,0.163903212,-0.0055,-14.8158107,0,0.611845107,
2016-02-01,3872500,2.104041975,3.5,0.333139322,0.0636,-4.292929293,-1.193421951,3.065515617,
2016-03-01,3898400,0.668818593,3.5,0.333139322,0.0283,23.84564644,3.659998029,-6.28078499,
2016-04-01,3872900,-0.654114509,3.5,0.333139322,-0.003,8.521970706,4.907020753,-0.984868009,
2016-05-01,3836500,-0.939864184,3.5,0.321290761,0.0107,14.62576687,2.426576795,2.060906911,
2016-06-01,3825500,-0.286719666,3.5,0.321290761,0.033,4.388781845,3.659998029,9.253035313,
2016-07-01,3772500,-1.385439812,3.5,0.321290761,0.012,-8.429040197,-1.193421951,3.804918716,
2016-08-01,3816700,1.171636846,3.5,0.345921324,-0.0044,0.156774916,2.426576795,-0.231299292,
2016-09-01,3735900,-2.117012078,3.5,0.345921324,-0.0051,1.02862254,3.659998029,1.504515963,
2016-10-01,3572100,-4.384485666,3.5,0.345921324,0.012,10.18149624,2.426576795,1.225266664,
2016-11-01,3629800,1.615296324,3.5,0.331900873,0.0395,-8.276416231,1.20662205,4.721090567,
2016-12-01,3531600,-2.705383217,3.5,0.331900873,0.0144,13.8195357,3.659998029,0.262594826,
2017-01-01,3595500,1.809378186,3.75,0.331900873,0.0258,1.019819126,4.907020753,-1.011811934,
2017-02-01,3746400,4.196912808,3.75,0.273384551,0.0175,1.847619048,2.426576795,-4.527329057,
2017-03-01,3856300,2.93348281,3.75,0.273384551,-0.0015,-7.742659435,0,-2.226520864,
2017-04-01,3821700,-0.897233099,4,0.273384551,0.0169,3.506993716,1.20662205,-6.540154237,
2017-05-01,3774400,-1.2376691,4,0.433593464,0.0178,-5.052878966,-1.193421951,3.001658948,
2017-06-01,3762800,-0.307333616,4,0.433593464,0.0099,-6.806930693,1.20662205,3.531582921,
2017-07-01,3795400,0.866376103,4.25,0.433593464,0.0025,3.209384683,0,-0.225247124,
2017-08-01,3910000,3.019444591,4.25,0.579750068,0.0165,3.023804418,4.907020753,2.87960241,
2017-09-01,3874500,-0.907928389,4.25,0.579750068,0.0273,3.705245629,6.167781186,-1.644986108,
2017-10-01,3829900,-1.151116273,4.25,0.579750068,0.0159,3.532717784,1.20662205,1.14121537,
2017-11-01,3907700,2.031384631,4.25,0.482543617,0.0288,9.810003877,3.659998029,-1.85834669,
2017-12-01,3851000,-1.450981396,4.25,0.482543617,0.0486,2.189265537,2.426576795,3.735325507,
2018-01-01,3824800,-0.680342768,4.5,0.482543617,-0.0289,10.0552868,4.907020753,2.418474872,
2018-02-01,3855100,0.792198285,4.5,0.412099966,0.0006,-2.307692308,3.659998029,-2.62999688,
2018-03-01,3800600,-1.413711707,4.5,0.412099966,-0.0166,0.803470995,0,0.186790256,
2018-04-01,3727100,-1.933905173,4.75,0.412099966,0.0196,5.611350231,3.659998029,-1.361260629,
2018-05-01,3674800,-1.40323576,4.75,0.351545907,0.0211,5.630188679,2.426576795,5.286883625,
2018-06-01,3650500,-0.661260477,4.75,0.351545907,0.0158,-3.015147185,1.20662205,-0.042815293,
2018-07-01,3618300,-0.882070949,5,0.351545907,0.0245,4.582289671,1.20662205,-0.456140615,
2018-08-01,3584500,-0.934140342,5,0.190572927,0.0168,-4.113834883,2.426576795,0.762459801,
2018-09-01,3559800,-0.689077975,5,0.190572927,-0.0385,3.188363209,2.426576795,-2.345740058,
2018-10-01,3520900,-1.09275802,5.25,0.190572927,-0.0208,0.74042432,2.426576795,-1.678622118,
2018-11-01,3476300,-1.266721577,5.25,0.295944518,-0.0556,-19.49116608,-1.193421951,-3.422364756,
2018-12-01,3400700,-2.174726002,5.25,0.295944518,0.0174,-13.06179775,1.20662205,-2.908597329,
2019-01-01,3346900,-1.58202723,5.5,0.295944518,0.0583,3.756058158,0,-0.276272978,
2019-02-01,3353500,0.197197407,5.5,0.441315011,0.0195,6.948228883,2.426576795,1.418569915,
2019-03-01,3381500,0.834948561,5.5,0.441315011,0.0372,5.823475887,3.659998029,0.432782893,
2019-04-01,3286700,-2.803489576,5.5,0.441315011,-0.0153,9.819432502,4.907020753,2.437226068,
2019-05-01,3244500,-1.283962637,5.5,0.480132402,0.014,-4.74475415,0,3.306941779,
2019-06-01,3274800,0.933888118,5.5,0.480132402,0.0383,-10.14302154,-1.193421951,2.192374686,
2019-07-01,3260300,-0.442775131,5.5,0.480132402,-0.0313,4.92133187,2.426576795,-1.452195717,
2019-08-01,3271400,0.340459467,5.25,0.318741563,0.0309,-4.428945074,1.20662205,-1.152279191,
2019-09-01,3202700,-2.100018341,5.25,0.318741563,0.0001,3.904397008,2.426576795,-0.171862728,
2019-10-01,3252800,1.564305118,5,0.318741563,0.0443,-5.250219491,3.659998029,5.868972501,
2019-11-01,3315600,1.930644368,4.75,-0.298999089,0.0247,5.689399555,2.426576795,3.962355781,
2019-12-01,3426500,3.344794306,4.75,-0.298999089,0.0335,4.997369805,3.659998029,6.194395884,
2020-01-01,3442600,0.469867211,4.75,-0.298999089,0.0012,-3.941215765,2.426576795,0.677814731,
2020-02-01,3454500,0.345668971,4.75,-2.833494668,-0.1892,-12.1349096,1.20662205,-1.043969866,
2020-06-01,5001800,-2.866353362,3.25,2.822994631,0.0348,-24.19865453,4.907020753,-1.606893184,
2020-07-01,4700300,-6.027829981,3.25,2.822994631,0.0589,6.26468285,6.167781186,0.567042202,
2020-08-01,4807400,2.278577963,3.25,0.576962029,-0.0063,4.003930238,4.907020753,5.512700033,
2020-09-01,4880300,1.516412198,3.25,0.576962029,0.0173,-6.40056684,2.426576795,2.334253878,
2020-10-01,4917100,0.754052005,3.25,0.576962029,0.0395,-0.580368408,1.20662205,-0.323711728,
2020-11-01,5093000,3.57731183,3.25,0.863793725,0.0426,3.908629442,2.426576795,5.731407788,
2020-12-01,5206500,2.228548989,3.25,0.863793725,0.028,14.85100147,6.167781186,1.945139231,
2021-01-01,5248000,0.797080572,3.25,0.863793725,0.0249,10.59123777,2.426576795,0.950516053,
2021-02-01,5446800,3.788109756,3.25,1.010653066,0.0082,13.53846154,4.907020753,6.597891723,
2021-03-01,5839000,7.200558126,3.25,1.010653066,0.0602,5.572493225,6.167781186,6.613557468,
2021-04-01,6042100,3.478335331,3.25,1.010653066,0.0076,-0.978661961,8.731066192,-2.372716051,
2021-05-01,6041900,-0.003310107,3.25,0.76211266,0.0181,5.589760207,8.731066192,-1.126477689,
2021-06-01,6027000,-0.246611165,3.25,0.76211266,0.0307,9.528924352,10.03386937,-1.787640704,
2021-07-01,6130200,1.712294674,3.25,0.76211266,0.0219,1.555057439,4.907020753,-0.422225794,
2021-08-01,6328700,3.238067273,3.25,1.141850714,-0.0008,-6.566422955,4.907020753,0.460606321,
2021-09-01,6388800,0.949642107,3.25,1.141850714,0.0045,5.787686402,4.907020753,-3.150006963,
2021-10-01,6330900,-0.906273479,3.25,1.141850714,0.0474,13.71946964,11.3509675,-100,
2021-11-01,6394700,1.007755611,3.25,0.503803841,0.0027,-2.859597447,10.03386937,#DIV/0!,
2021-12-01,6413100,0.287738283,3.25,0.503803841,-0.0205,-9.399873658,10.03386937,#DIV/0!,
2022-01-01,6103900,-4.821381235,3.25,0.503803841,-0.029,16.05076001,7.442416772,#DIV/0!,
2022-02-01,6039900,-1.048509969,3.25,0.681423047,-0.0089,10.11776015,8.731066192,#DIV/0!,
2022-03-01,6134400,1.56459544,3.25,0.681423047,0.0012,18.39807944,12.68250301,#DIV/0!,
2022-04-01,5885100,-4.063967136,3.5,0.681423047,-0.0787,-6.193548387,4.907020753,#DIV/0!,
2022-05-01,5591500,-4.988870198,3.5,0.584272977,-0.0337,7.634112792,11.3509675,#DIV/0!,
2022-06-01,5506500,-1.520164535,4,0.584272977,0.0046,4.828845276,15.38946242,#DIV/0!,
2022-07-01,5537100,0.555706892,4.75,0.584272977,0.0645,-11.51166841,0,#DIV/0!,
2022-08-01,5582200,0.814505788,5.5,0.527788128,-0.0728,-7.823263137,2.426576795,#DIV/0!,
2022-09-01,5410900,-3.068682598,5.5,0.527788128,-0.0309,-10.04590584,4.907020753,#DIV/0!,
2022-10-01,5340200,-1.306621819,6.25,0.527788128,0.0529,3.904581059,6.167781186,#DIV/0!,
2022-11-01,5419400,1.483090521,6.25,0.508854559,0.0001,-3.632210166,2.426576795,#DIV/0!,
2022-12-01,5406000,-0.247259844,7,0.508854559,0.0138,-9.399075501,1.20662205,#DIV/0!,
2023-01-01,5329000,-1.424343322,7.5,0.508854559,0.0315,2.197802198,6.167781186,#DIV/0!,
2023-02-01,5321600,-0.138862826,7.5,0.309098928,-0.0259,-1.651305684,4.907020753,#DIV/0!,
2023-03-01,5571500,4.695956103,7.75,0.309098928,0.04,-4.620590915,1.20662205,#DIV/0!,
2023-04-01,5593100,0.387687337,8,0.309098928,0.006,8.419759825,4.907020753,#DIV/0!,
2023-05-01,5569600,-0.420160555,8,0.685689882,0.048,-9.905601007,1.20662205,#DIV/0!,
2023-06-01,5608500,0.698434358,8.25,0.685689882,0.0254,-1.858060911,2.426576795,#DIV/0!,
